{"cameraMode":{"drawMode":0,"name":"Shaded","section":"Shading Mode"},"sceneLighting":true,"audioPlay":false,"sceneViewState":{"showFog":true,"showMaterialUpdate":false,"showSkybox":true,"showFlares":true,"showImageEffects":true,"showParticleSystems":true},"in2DMode":false,"pivot":{"x":4.8984904289245609,"y":4.303591251373291,"z":2.7154457569122316},"rotation":{"x":0.07642552256584168,"y":-0.0014956097584217787,"z":0.00011483460548333824,"w":0.9970765113830566},"size":12.961275100708008,"orthographic":false}