{"cameraMode":{"drawMode":0,"name":"Shaded","section":"Shading Mode"},"sceneLighting":true,"audioPlay":false,"sceneViewState":{"showFog":true,"showMaterialUpdate":false,"showSkybox":true,"showFlares":true,"showImageEffects":true,"showParticleSystems":true},"in2DMode":false,"pivot":{"x":9.085887908935547,"y":5.277717590332031,"z":2.614593505859375},"rotation":{"x":0.059895120561122897,"y":0.04789533466100693,"z":-0.002876914804801345,"w":0.9970536828041077},"size":14.905312538146973,"orthographic":false}